id,Company Name
1,Twinder
2,Mynte
3,Cogidoo
4,Digitube
5,Dabfeedz
6,Zoomzone
7,Centizu
8,Youfeed
9,Innotype
10,Yodo
11,Twitterbridge
12,Ntags
13,Kanoodle
14,Meedoo
15,Vinte
16,Oyonder
17,Browsebug
18,Realcube
19,Jetpulse
20,Mudo
21,Cogilith
22,Brainlounge
23,Eayo
24,Abatz
25,Feedfire
26,Livefish
27,Babblestorm
28,Yabox
29,Quimm
30,Quatz
31,Kare
32,Oyope
33,Zoonoodle
34,Jabbersphere
35,Linklinks
36,Thoughtblab
37,Feedfish
38,Muxo
39,Realcubez
40,Youtags
41,Tanoodle
42,Meevee
43,Teklist
44,Izio
45,Quatzor
46,Topdrive
47,Skyvu
48,Skiptube
49,Feedbug
50,Twinderz
51,Dabshots
52,Dabfeedey
53,Talane
54,Oloo
55,Skimia
56,Snaptags
57,Meeveez
58,Thoughtmix
59,Oyondu
60,Skinte
61,Divape
62,Skiba
63,Dabshotz
64,Divapez
65,Lazzy
66,Gabvine
67,Centidel
68,Rhyloo
69,Eabox
70,Thoughtstorm
71,InnoZ
72,Digitubez
73,Wikizz
74,Vidoo
75,Skinder
76,Dynabox
77,Eidel
78,Gabvinez
79,Brainverse
80,Eayoz
81,Oozz
82,Voonix
83,Mydeo
84,Shuffletag
85,Jaxnation
86,Brightdog
87,Geba
88,Jabberspherez
89,Eadel
90,Bluejam
91,Meetz
92,Kamba
93,Quatzes
94,Oozzys
95,Pixonyx
96,Blognation
97,Skyndu
98,Trilia
99,Meetzor
100,Dabfeed