Entry ID,first_name,last_name,Email,Entry Date,Entry Time,Minutes
28,Katharine,Mewrcik,kmewrcikr@stumbleupon.com,1/1/2020,7:14 AM,34
68,Katharine,Mewrcik,kmewrcikr@stumbleupon.com,1/1/2020,10:34 AM,76
32,Susana,Drewson,sdrewson15@soundcloud.com,1/2/2020,10:21 PM,37
40,Katharine,Mewrcik,kmewrcikr@stumbleupon.com,1/2/2020,12:37 AM,85
42,Susana,Drewson,sdrewson15@soundcloud.com,1/2/2020,10:25 PM,49
48,Tove,Patzelt,tpatzelt1b@cdc.gov,1/2/2020,4:42 PM,26
65,Tove,Patzelt,tpatzelt1b@cdc.gov,1/2/2020,6:05 PM,17
75,Daffie,Scarlett,dscarlett22@mozilla.com,1/2/2020,2:53 PM,71
89,Daffie,Scarlett,dscarlett22@mozilla.com,1/2/2020,12:58 PM,24
39,Erick,Pietzner,epietzner12@ow.ly,1/3/2020,3:05 PM,87
77,Erick,Pietzner,epietzner12@ow.ly,1/3/2020,1:08 PM,43
26,Katharine,Mewrcik,kmewrcikr@stumbleupon.com,1/4/2020,12:51 AM,86
64,Katharine,Mewrcik,kmewrcikr@stumbleupon.com,1/4/2020,10:15 AM,27
91,Daffie,Scarlett,dscarlett22@mozilla.com,1/4/2020,4:24 PM,34
96,Daffie,Scarlett,dscarlett22@mozilla.com,1/4/2020,8:24 PM,39
20,Erick,Pietzner,epietzner12@ow.ly,1/5/2020,10:49 AM,78
34,Erick,Pietzner,epietzner12@ow.ly,1/5/2020,4:30 PM,56
74,Tove,Patzelt,tpatzelt1b@cdc.gov,1/5/2020,5:19 PM,42
33,Tove,Patzelt,tpatzelt1b@cdc.gov,1/6/2020,8:57 PM,41
41,Daffie,Scarlett,dscarlett22@mozilla.com,1/6/2020,6:23 PM,48
50,Daffie,Scarlett,dscarlett22@mozilla.com,1/6/2020,9:14 PM,13
61,Susana,Drewson,sdrewson15@soundcloud.com,1/6/2020,6:28 PM,43
79,Susana,Drewson,sdrewson15@soundcloud.com,1/6/2020,9:44 AM,89
97,Erick,Pietzner,epietzner12@ow.ly,1/6/2020,2:16 PM,52
99,Erick,Pietzner,epietzner12@ow.ly,1/6/2020,10:54 PM,21
37,Katharine,Mewrcik,kmewrcikr@stumbleupon.com,1/7/2020,4:24 AM,48
58,Katharine,Mewrcik,kmewrcikr@stumbleupon.com,1/7/2020,10:16 PM,34
72,Daffie,Scarlett,dscarlett22@mozilla.com,1/7/2020,1:36 PM,10
93,Daffie,Scarlett,dscarlett22@mozilla.com,1/7/2020,3:49 AM,81
12,Tove,Patzelt,tpatzelt1b@cdc.gov,1/8/2020,3:24 PM,42
83,Tove,Patzelt,tpatzelt1b@cdc.gov,1/8/2020,2:02 AM,40
4,Katharine,Mewrcik,kmewrcikr@stumbleupon.com,1/9/2020,3:34 PM,86
25,Daffie,Scarlett,dscarlett22@mozilla.com,1/9/2020,6:23 AM,54
27,Daffie,Scarlett,dscarlett22@mozilla.com,1/9/2020,7:14 AM,45
55,Daffie,Scarlett,dscarlett22@mozilla.com,1/9/2020,12:08 AM,68
56,Daffie,Scarlett,dscarlett22@mozilla.com,1/9/2020,3:14 PM,61
78,Susana,Drewson,sdrewson15@soundcloud.com,1/9/2020,6:58 PM,24
71,Susana,Drewson,sdrewson15@soundcloud.com,1/10/2020,7:13 AM,34
11,Erick,Pietzner,epietzner12@ow.ly,1/11/2020,12:21 AM,38
45,Erick,Pietzner,epietzner12@ow.ly,1/11/2020,1:08 AM,79
90,Erick,Pietzner,epietzner12@ow.ly,1/11/2020,8:48 PM,82
2,Erick,Pietzner,epietzner12@ow.ly,1/12/2020,4:28 AM,70
17,Tove,Patzelt,tpatzelt1b@cdc.gov,1/12/2020,1:11 AM,70
70,Tove,Patzelt,tpatzelt1b@cdc.gov,1/12/2020,12:30 AM,48
100,Daffie,Scarlett,dscarlett22@mozilla.com,1/12/2020,11:15 PM,89
7,Daffie,Scarlett,dscarlett22@mozilla.com,1/14/2020,8:38 PM,64
14,Susana,Drewson,sdrewson15@soundcloud.com,1/14/2020,3:38 PM,58
60,Susana,Drewson,sdrewson15@soundcloud.com,1/14/2020,11:46 AM,66
80,Erick,Pietzner,epietzner12@ow.ly,1/14/2020,7:28 AM,49
82,Erick,Pietzner,epietzner12@ow.ly,1/14/2020,5:29 AM,22
35,Katharine,Mewrcik,kmewrcikr@stumbleupon.com,1/15/2020,2:41 PM,71
54,Katharine,Mewrcik,kmewrcikr@stumbleupon.com,1/15/2020,9:04 PM,11
13,Daffie,Scarlett,dscarlett22@mozilla.com,1/16/2020,9:11 PM,23
31,Daffie,Scarlett,dscarlett22@mozilla.com,1/16/2020,5:24 PM,44
46,Tove,Patzelt,tpatzelt1b@cdc.gov,1/16/2020,10:20 PM,67
69,Tove,Patzelt,tpatzelt1b@cdc.gov,1/16/2020,6:53 PM,68
95,Katharine,Mewrcik,kmewrcikr@stumbleupon.com,1/16/2020,12:03 AM,8
22,Daffie,Scarlett,dscarlett22@mozilla.com,1/17/2020,11:47 PM,2
81,Daffie,Scarlett,dscarlett22@mozilla.com,1/17/2020,4:22 PM,41
44,Daffie,Scarlett,dscarlett22@mozilla.com,1/18/2020,4:59 PM,31
49,Daffie,Scarlett,dscarlett22@mozilla.com,1/18/2020,6:56 PM,45
92,Susana,Drewson,sdrewson15@soundcloud.com,1/18/2020,10:45 AM,2
6,Susana,Drewson,sdrewson15@soundcloud.com,1/19/2020,9:20 PM,40
38,Erick,Pietzner,epietzner12@ow.ly,1/19/2020,3:27 PM,57
47,Erick,Pietzner,epietzner12@ow.ly,1/19/2020,3:19 AM,55
59,Erick,Pietzner,epietzner12@ow.ly,1/19/2020,4:09 AM,22
63,Erick,Pietzner,epietzner12@ow.ly,1/19/2020,11:02 AM,44
18,Tove,Patzelt,tpatzelt1b@cdc.gov,1/20/2020,3:30 AM,57
52,Tove,Patzelt,tpatzelt1b@cdc.gov,1/21/2020,12:01 AM,90
62,Daffie,Scarlett,dscarlett22@mozilla.com,1/21/2020,11:05 AM,33
73,Daffie,Scarlett,dscarlett22@mozilla.com,1/21/2020,8:41 AM,13
5,Susana,Drewson,sdrewson15@soundcloud.com,1/22/2020,6:57 AM,65
30,Susana,Drewson,sdrewson15@soundcloud.com,1/22/2020,2:19 PM,63
87,Erick,Pietzner,epietzner12@ow.ly,1/22/2020,5:21 AM,20
98,Erick,Pietzner,epietzner12@ow.ly,1/22/2020,8:19 AM,76
29,Katharine,Mewrcik,kmewrcikr@stumbleupon.com,1/23/2020,6:41 PM,81
67,Katharine,Mewrcik,kmewrcikr@stumbleupon.com,1/23/2020,3:54 PM,24
1,Daffie,Scarlett,dscarlett22@mozilla.com,1/24/2020,7:22 AM,56
9,Daffie,Scarlett,dscarlett22@mozilla.com,1/24/2020,3:21 AM,41
10,Tove,Patzelt,tpatzelt1b@cdc.gov,1/24/2020,2:18 PM,54
16,Tove,Patzelt,tpatzelt1b@cdc.gov,1/24/2020,4:43 AM,36
94,Katharine,Mewrcik,kmewrcikr@stumbleupon.com,1/24/2020,8:07 AM,53
24,Daffie,Scarlett,dscarlett22@mozilla.com,1/25/2020,1:22 AM,18
57,Daffie,Scarlett,dscarlett22@mozilla.com,1/25/2020,8:55 AM,80
43,Daffie,Scarlett,dscarlett22@mozilla.com,1/26/2020,5:09 AM,45
3,Daffie,Scarlett,dscarlett22@mozilla.com,1/27/2020,2:43 PM,53
8,Susana,Drewson,sdrewson15@soundcloud.com,1/27/2020,6:56 AM,40
15,Susana,Drewson,sdrewson15@soundcloud.com,1/27/2020,2:19 AM,36
19,Erick,Pietzner,epietzner12@ow.ly,1/27/2020,8:35 AM,84
36,Erick,Pietzner,epietzner12@ow.ly,1/27/2020,10:38 PM,47
51,Katharine,Mewrcik,kmewrcikr@stumbleupon.com,1/27/2020,7:43 AM,70
85,Daffie,Scarlett,dscarlett22@mozilla.com,1/27/2020,7:48 AM,6
88,Daffie,Scarlett,dscarlett22@mozilla.com,1/27/2020,6:18 AM,18
23,Daffie,Scarlett,dscarlett22@mozilla.com,1/28/2020,7:29 AM,74
84,Daffie,Scarlett,dscarlett22@mozilla.com,1/29/2020,11:47 AM,56
21,Susana,Drewson,sdrewson15@soundcloud.com,1/30/2020,11:55 AM,17
53,Susana,Drewson,sdrewson15@soundcloud.com,1/30/2020,11:28 PM,70
66,Erick,Pietzner,epietzner12@ow.ly,1/30/2020,6:46 PM,29
76,Erick,Pietzner,epietzner12@ow.ly,1/30/2020,6:41 AM,5
86,Katharine,Mewrcik,kmewrcikr@stumbleupon.com,1/30/2020,12:47 AM,83