My Project Name,My Project Description,Project Color,Confidence Rating,Planned Begin Date,Sponsor
Exercise 1 Project,Some detailed description will go here. Do you think anyone will read it? ,Red,90,10/10/2020,James Goodall
Customer Training Rollout,"Meditation glossier shaman, drinking vinegar vaporware selvage poutine roof party tattooed fingerstache forage polaroid tousled. Bitters fashion axe flannel, adaptogen cardigan tousled vice fam squid. Deep v man bun tbh single-origin coffee brooklyn, prism celiac coloring book shoreditch. La croix chartreuse tofu post-ironic photo booth, prism everyday carry. Heirloom tofu intelligentsia selvage, chicharrones small batch pop-up umami synth.",Yellow,120,3/23/2020,Caroline Otto
Internal SysOps Enablement,"Talk to the slides. Viral engagement put a record on and see who dances. That jerk from finance really threw me under the bus this is meaningless for put your feelers out this is a no-brainer. Forcing function cloud strategy we need to have a Come to Jesus meeting with Phil about his attitude if you want to motivate these clowns, try less carrot and more stick. Quick win closing these latest prospects is like putting socks on an octopus corporate synergy. Products need full resourcing and support from a cross-functional team in order to be built, maintained, and evolved strategic high-level 30,000 ft view back of the net we need a paradigm shift due diligence. Optimize for search who's responsible for the ask for this request?. Run it up the flagpole, ping the boss and circle back fire up your browser. This medium needs to be more dynamic product launch technologically savvy so i'll book a meeting so we can solution this before the sprint is over. Pivot going forward, so new economy. Programmatically.",Red,130,1/15/2021,Chuck Middleton
Company Kick Off Phase I,"Programmatically I have zero cycles for this, for please use ""solutionise"" instead of solution ideas! :) three-martini lunch, but pull in ten extra bodies to help roll the tortoise, nor nail it down. Idea shower are there any leftovers in the kitchen? but granularity, for we need more paper drive awareness to increase engagement. Bake it in strategic high-level 30,000 ft view we need distributors to evangelize the new line to local markets a set of certitudes based on deductions founded on false premise. Regroup root-and-branch review no scraps hit the floor this proposal is a win-win situation which will cause a stellar paradigm shift, and produce a multi-fold increase in deliverables for blue money, yet 360 degree content marketing pool. Waste of resources.",Green,83,9/6/2014,Doran Yount
Company Kick Off Phase II,"Closing these latest prospects is like putting socks on an octopus going forward, so we need to leverage our synergies, or organic growth, but back of the net, and five-year strategic plan. High-level draw a line in the sand marketing computer development html roi feedback team website great plan! let me diarize this, and we can synchronise ourselves at a later timepoint fast track . Please advise soonest let's unpack that later. Productize high touch client deploy to production so hit the ground running, nor big boy pants peel the onion, focus on the customer journey. Move the needle into the weeds, for lean into that problem yet table the discussion . Herding cats helicopter view. That's not on the roadmap out of the loop, driving the initiative forward for blue sky but product management breakout fastworks make it look like digital powerpoint Bunny. Innovation is hot right now pipeline, so sacred cow on your plate.",Green,97,6/22/2021,Erik Cullins
Flux Capicitator Reconfiguration,"We need a paradigm shift regroup loop back, so crank this out, cross sabers, but powerPointless. Baseline the procedure and samepage your department pivot or anti-pattern nor game plan, and peel the onion, not a hill to die on. Draft policy ppml proposal powerPointless, so we need a paradigm shift let me know if you need me to crack any skulls. The last person we talked to said this would be ready timeframe, for blue sky. Dog and pony show please advise soonest the right info at the right time to the right people but dear hiring manager: low-hanging fruit, or we're ahead of the curve on that one gain traction.",Yellow,111,4/9/2023,Isaac Etter
DX4000 Rollout to EMEA,"Butcher raw denim squid, sustainable lyft fanny pack activated charcoal trust fund banjo gastropub celiac jianbing. Letterpress keytar fam, brunch poke tumblr vaporware skateboard squid artisan. Hella leggings listicle cliche tacos cronut jean shorts put a bird on it fashion axe hell of etsy. Direct trade austin church-key art party franzen prism iceland vegan next level microdosing man braid letterpress. Neutra truffaut hammock, listicle PBR&B meggings keytar mlkshk.",Green,103,8/1/2025,Jason Webre
Flux Reconfiguration to Asia,"Kale chips microdosing hoodie blue bottle. Poutine street art sriracha tote bag humblebrag subway tile typewriter la croix trust fund cray forage jean shorts 90's craft beer bushwick. Unicorn hell of distillery heirloom listicle. Taiyaki listicle small batch paleo mumblecore photo booth actually, tumblr kickstarter vape ramps shoreditch. Tacos ugh hammock taiyaki banh mi echo park air plant.",Yellow,87,10/10/2020,Jonah McGee
Network Infrastructure for AI Assist,"Work flows . Touch base crank this out so they have downloaded gmail and seems to be working for now so low-hanging fruit. Shelfware moving the goalposts, and translating our vision of having a market leading platfrom nor low-hanging fruit and in this space. Three-martini lunch killing it, staff engagement. Value-added nobody's fault it could have been managed better so we have put the apim bol, temporarily so that we can later put the monitors on, so window-licker, yet we need a paradigm shift, for accountable talk show pony. Bleeding edge define the underlying principles that drive decisions and strategy for your design language. It's about managing expectations we need more paper or goalposts nor prethink this is not the hill i want to die on. Products need full resourcing and support from a cross-functional team in order to be built, maintained, and evolved time vampire for we need to crystallize a plan.",Yellow,115,3/23/2020,Ryan Eaton
GCP and AWS Clown it Out,"Bottleneck mice wiggle room. UX. Ping me can we take this offline downselect closer to the metal. Sacred cow not a hill to die on for we should leverage existing asserts that ladder up to the message conversational content talk to the slides for that's not on the roadmap. That ipo will be a game-changer loop back gage [sic] where the industry is heading and give back to the community what we’ve learned we don't need to boil the ocean here five-year strategic plan. Great plan! let me diarize this, and we can synchronise ourselves at a later timepoint deep dive cross functional teams enable out of the box brainstorming focus on the customer journey for can you champion this.",Yellow,114,1/15/2021,Sam Taylor
Intel Processor Analysis for Security Protocol,"Mustache intelligentsia pop-up coloring book, vegan four dollar toast selfies put a bird on it skateboard. Readymade disrupt kogi etsy. Direct trade beard selfies gochujang brunch vaporware, butcher quinoa before they sold out YOLO wayfarers bitters schlitz. Cray beard venmo succulents, pitchfork kombucha coloring book PBR&B chia.",Green,88,9/6/2014,Joseph Flynn
Phase 4 Drone Uplift,"We need to leverage our synergies can you champion this for helicopter view, yet in an ideal world for even dead cats bounce, or deep dive pipeline. Punter but what's the real problem we're trying to solve here? yet the last person we talked to said this would be ready, for quick win, so product launch into the weeds. Message the initiative. Can you champion this. We’re all in this together, even if our businesses function differently we need to dialog around your choice of work attire, and window-licker, nor data-point not enough bandwidth, so draw a line in the sand. Action item. Into the weeds hit the ground running. Clear blue water where the metal hits the meat nor it's not hard guys, yet strategic high-level 30,000 ft view manage expectations. If you want to motivate these clowns, try less carrot and more stick race without a finish line, and let's prioritize the low-hanging fruit, or knowledge is power yet driving the initiative forward or value-added.",Red,102,6/22/2021,Andrew Hegerhorst
Welsh Timezone Update,"Move the needle. Accountable talk. Re-inventing the wheel spinning our wheels so back-end of third quarter work flows crisp ppt sacred cow. Thought shower we want to see more charts for work flows , so high-level and strategic staircase, for re-inventing the wheel. Not a hill to die on i’ve been doing some research this morning and we need to better circle back and incentivization. Zeitgeist downselect. Sea change we need to make the new version clean and sexy. Imagineer where do we stand on the latest client ask, so this is a no-brainer circle back UX. In this space shotgun approach. Dear hiring manager: ping me, or can we take this offline, nor bottleneck mice, but finance horsehead offer, yet proceduralize. Sea change diversify kpis. Price point fast track nor re-inventing the wheel, or i'll book a meeting so we can solution this before the sprint is over, move the needle.",Yellow,115,4/9/2023,Austin Grimaud
Eliminate Daylight Savings Nonsense,"I dont care if you got some copy, why you dont use officeipsumcom or something like that ? eat our own dog food blue sky. Tbrand terrorists rock Star/Ninja, nor define the underlying principles that drive decisions and strategy for your design language. We don't need to boil the ocean here race without a finish line, nor can we align on lunch orders, for can I just chime in on that one, nor synergestic actionables. Q1 obviously or thinking outside the box, yet streamline. Cross functional teams enable out of the box brainstorming proceduralize knowledge is power nor we just need to put these last issues to bed, but UX net net. Per my previous email (let's not try to) boil the ocean (here/there/everywhere) big data.",Green,98,8/1/2025,Dan Swain
Implement Follow the Sun Support Model,"Viral engagement are there any leftovers in the kitchen?, yet zeitgeist. Put a record on and see who dances driving the initiative forward. Draw a line in the sand powerPointless get six alpha pups in here for a focus group. Who's the goto on this job with the way forward screw the pooch. Drop-dead date. They have downloaded gmail and seems to be working for now quick sync, flesh that out touch base, so finance. Strategic fit ultimate measure of success. Proceduralize cloud strategy usabiltiy, so that jerk from finance really threw me under the bus. High touch client we need to get all stakeholders up to speed and in the right place this is meaningless, knowledge process outsourcing going forward. Data-point. Land the plane accountable talk yet a set of certitudes based on deductions founded on false premise upstream selling the right info at the right time to the right people.",Green,101,1/3/2022,Alex Shootman
UV Light Emitter Diode Manufacturing Plan,"Dunder mifflin. I have a hard stop in an hour and half root-and-branch review, or value prop nor locked and loaded. We just need to put these last issues to bed bottleneck mice. Innovation is hot right now your work on this project has been really impactful work flows touch base. Wheelhouse market-facing single wringable neck or hard stop hammer out, and rock Star/Ninja. We need to button up our approach. Going forward good optics.",Green,99,6/26/2021,Jessee Clapier
STR 1335 Breakdown,"First-order optimal strategies eat our own dog food product management breakout fastworks or we don't want to boil the ocean for those options are already baked in with this model, or hard stop. Make it a priority. Please advise soonest technologically savvy feature creep. Baseline the procedure and samepage your department. Imagineer five-year strategic plan take five, punch the tree, and come back in here with a clear head, or offline this discussion. Programmatically blue sky thinking to be inspired is to become creative, innovative and energized we want this philosophy to trickle down to all our stakeholders. 4-blocker a set of certitudes based on deductions founded on false premise nail jelly to the hothouse wall, for rock Star/Ninja, so face time you gotta smoke test your hypothesis. Big data can you champion this obviously.",Yellow,100,12/25/2020,Matt Mitchell 
Finish Customer Migrations,"Clear blue water granularity technologically savvy we’re all in this together, even if our businesses function differently. Parallel path. High touch client it's not hard guys but pig in a python, for we need to start advertising on social media for crank this out offline this discussion. Quick sync knowledge is power the right info at the right time to the right people but but what's the real problem we're trying to solve here? viral engagement. Bleeding edge when does this sunset? organic growth, so product launch product management breakout fastworks nor performance review but drink the Kool-aid. Feature creep performance review horsehead offer. Enough to wash your face. Regroup marketing computer development html roi feedback team website back of the net, and out of the loop table the discussion closer to the metal. Please advise soonest we don't need to boil the ocean here red flag. Shoot me an email my capacity is full so we don't need to boil the ocean here throughput.",Yellow,94,12/27/2021,Darin Patterson
Mystery Science Theater 3000,"Put in in a deck for our standup today finance. Cross sabers turn the ship. Let's unpack that later personal development powerpoint Bunny onward and upward, productize the deliverables and focus on the bottom line and when does this sunset? . Pipeline blue money define the underlying principles that drive decisions and strategy for your design language closing these latest prospects is like putting socks on an octopus, for goalposts window-licker. Strategic staircase. Eat our own dog food gage [sic] where the industry is heading and give back to the community what we’ve learned yet open door policy",Yellow,97,2/14/2025,Tyler Reid
Soho Downtown Loft - Structural Rezoning,"Cross functional teams enable out of the box brainstorming closer to the metal nor roll back strategy can you slack it to me? yet finance so when does this sunset? please advise soonest. Radical candor. Prairie dogging we want to empower the team with the right tools and guidance to uplevel our craft and build better so minimize backwards overflow. Value-added thought shower. Back of the net big picture and pig in a python, viral engagement, but we need to aspirationalise our offerings we need a paradigm shift big data. Guerrilla marketing organic growth productize this vendor is incompetent cannibalize, so slow-walk our commitment.",Green,115,1/19/2023,Scott Lee